state,date,ML,Low_90,High_90,Low_50,High_50
AC,2020-04-09,3.0,1.01,6.99,2.04,4.45
AC,2020-04-10,2.5100000000000002,1.01,4.63,1.84,3.36
AC,2020-04-11,2.2800000000000002,0.97,3.99,1.78,3.0500000000000003
AC,2020-04-12,2.25,1.0,3.73,1.76,2.9
AC,2020-04-13,2.19,1.0,3.5,1.73,2.77
AC,2020-04-14,2.12,1.01,3.33,1.69,2.65
AC,2020-04-15,2.05,0.98,3.15,1.67,2.57
AC,2020-04-16,2.04,1.06,3.12,1.68,2.5300000000000002
AC,2020-04-17,2.0,1.07,3.02,1.6400000000000001,2.44
AC,2020-04-18,1.9100000000000001,1.0,2.85,1.57,2.33
AC,2020-04-19,1.83,0.98,2.7600000000000002,1.51,2.24
AC,2020-04-20,1.72,0.9,2.62,1.44,2.15
AC,2020-04-21,1.6400000000000001,0.81,2.48,1.35,2.04
AC,2020-04-22,1.53,0.73,2.37,1.26,1.94
AC,2020-04-23,1.51,0.74,2.36,1.18,1.84
AC,2020-04-24,1.42,0.63,2.22,1.16,1.82
AC,2020-04-25,1.48,0.71,2.2800000000000002,1.22,1.87
AC,2020-04-26,1.55,0.8,2.34,1.26,1.8900000000000001
AC,2020-04-27,1.8,1.08,2.57,1.52,2.13
AC,2020-04-28,1.86,1.16,2.58,1.6300000000000001,2.22
AC,2020-04-29,1.92,1.24,2.59,1.7,2.2600000000000002
AC,2020-04-30,1.8900000000000001,1.25,2.54,1.6500000000000001,2.18
AC,2020-05-01,1.8800000000000001,1.29,2.5300000000000002,1.6600000000000001,2.17
AL,2020-04-11,3.0,1.01,6.99,2.04,4.45
AL,2020-04-12,2.46,0.99,4.51,1.83,3.31
AL,2020-04-13,2.64,1.2,4.3,2.06,3.36
AL,2020-04-14,2.62,1.35,4.05,2.08,3.2
AL,2020-04-15,2.6,1.42,3.8000000000000003,2.19,3.18
AL,2020-04-16,2.4,1.35,3.47,2.0300000000000002,2.91
AL,2020-04-17,2.44,1.5,3.44,2.09,2.89
AL,2020-04-18,2.31,1.45,3.23,1.98,2.71
AL,2020-04-19,2.45,1.6400000000000001,3.2800000000000002,2.17,2.85
AL,2020-04-20,2.54,1.78,3.2800000000000002,2.27,2.89
AL,2020-04-21,2.6,1.9100000000000001,3.2800000000000002,2.37,2.94
AL,2020-04-22,2.45,1.85,3.12,2.22,2.74
AL,2020-04-23,2.34,1.76,2.94,2.14,2.63
AL,2020-04-24,2.29,1.75,2.86,2.1,2.56
AL,2020-04-25,2.3000000000000003,1.8,2.85,2.11,2.54
AL,2020-04-26,2.08,1.59,2.58,1.9100000000000001,2.32
AL,2020-04-27,2.0300000000000002,1.56,2.5100000000000002,1.85,2.24
AL,2020-04-28,1.83,1.4000000000000001,2.32,1.68,2.06
AL,2020-04-29,1.69,1.27,2.17,1.54,1.9100000000000001
AL,2020-04-30,1.6,1.18,2.06,1.44,1.8
AL,2020-05-01,1.55,1.1300000000000001,1.99,1.41,1.77
AM,2020-03-20,3.0,1.01,6.99,2.04,4.45
AM,2020-03-21,2.66,1.1,4.75,2.0100000000000002,3.5500000000000003
AM,2020-03-22,2.46,1.08,4.08,1.92,3.18
AM,2020-03-23,2.42,1.18,3.84,1.95,3.06
AM,2020-03-24,2.5,1.36,3.77,2.08,3.08
AM,2020-03-25,2.47,1.43,3.6,2.1,3.0
AM,2020-03-26,2.2800000000000002,1.34,3.31,1.92,2.73
AM,2020-03-27,2.14,1.27,3.1,1.8,2.5500000000000003
AM,2020-03-28,2.06,1.23,2.95,1.77,2.48
AM,2020-03-29,1.98,1.19,2.82,1.69,2.36
AM,2020-03-30,1.9100000000000001,1.1500000000000001,2.71,1.62,2.2600000000000002
AM,2020-03-31,1.9000000000000001,1.18,2.68,1.6500000000000001,2.27
AM,2020-04-01,2.05,1.36,2.79,1.81,2.4
AM,2020-04-02,2.23,1.59,2.94,1.95,2.5
AM,2020-04-03,2.36,1.73,2.98,2.15,2.67
AM,2020-04-04,2.56,2.0100000000000002,3.17,2.37,2.85
AM,2020-04-05,2.43,1.92,2.99,2.25,2.69
AM,2020-04-06,2.23,1.74,2.74,2.04,2.45
AM,2020-04-07,1.96,1.49,2.45,1.81,2.21
AM,2020-04-08,1.81,1.35,2.2800000000000002,1.6600000000000001,2.05
AM,2020-04-09,1.52,1.09,2.0100000000000002,1.37,1.75
AM,2020-04-10,1.44,1.0,1.9100000000000001,1.3,1.68
AM,2020-04-11,1.25,0.79,1.69,1.08,1.45
AM,2020-04-12,1.27,0.8300000000000001,1.73,1.1,1.47
AM,2020-04-13,1.1500000000000001,0.72,1.62,0.99,1.36
AM,2020-04-14,1.1400000000000001,0.71,1.61,0.98,1.35
AM,2020-04-15,1.16,0.72,1.61,1.01,1.3800000000000001
AM,2020-04-16,1.1400000000000001,0.71,1.6,0.99,1.36
AM,2020-04-17,1.01,0.59,1.48,0.87,1.24
AM,2020-04-18,1.1500000000000001,0.73,1.62,1.01,1.3800000000000001
AM,2020-04-19,1.42,1.0,1.87,1.27,1.6300000000000001
AM,2020-04-20,1.74,1.34,2.18,1.61,1.96
AM,2020-04-21,2.0,1.62,2.41,1.8800000000000001,2.21
AM,2020-04-22,1.98,1.6,2.34,1.86,2.17
AM,2020-04-23,1.76,1.4000000000000001,2.11,1.6500000000000001,1.95
AM,2020-04-24,1.68,1.33,2.02,1.57,1.86
AM,2020-04-25,1.6400000000000001,1.32,2.0,1.52,1.8
AM,2020-04-26,1.57,1.26,1.92,1.45,1.72
AM,2020-04-27,1.51,1.19,1.83,1.41,1.68
AM,2020-04-28,1.35,1.03,1.6600000000000001,1.23,1.49
AM,2020-04-29,1.36,1.07,1.7,1.26,1.52
AM,2020-04-30,1.3,1.01,1.6300000000000001,1.21,1.47
AM,2020-05-01,1.44,1.1300000000000001,1.73,1.33,1.58
AP,2020-04-04,3.0,1.01,6.99,2.04,4.45
AP,2020-04-05,2.68,1.19,4.47,2.06,3.44
AP,2020-04-06,3.09,1.79,4.51,2.6,3.73
AP,2020-04-07,2.89,1.81,4.01,2.49,3.4
AP,2020-04-08,2.73,1.83,3.71,2.37,3.14
AP,2020-04-09,2.41,1.6,3.2600000000000002,2.08,2.7600000000000002
AP,2020-04-10,2.32,1.59,3.11,2.07,2.7
AP,2020-04-11,2.11,1.43,2.85,1.84,2.42
AP,2020-04-12,1.86,1.2,2.5500000000000003,1.6400000000000001,2.2
AP,2020-04-13,1.54,0.91,2.23,1.29,1.83
AP,2020-04-14,1.45,0.8200000000000001,2.13,1.23,1.77
AP,2020-04-15,1.2,0.5700000000000001,1.8800000000000001,0.98,1.52
AP,2020-04-16,1.07,0.43,1.75,0.8,1.34
AP,2020-04-17,0.96,0.29,1.61,0.71,1.26
AP,2020-04-18,0.9400000000000001,0.28,1.62,0.6900000000000001,1.25
AP,2020-04-19,0.9500000000000001,0.29,1.6500000000000001,0.7000000000000001,1.27
AP,2020-04-20,1.23,0.56,1.95,0.98,1.55
AP,2020-04-21,1.45,0.78,2.13,1.23,1.79
AP,2020-04-22,1.83,1.2,2.49,1.59,2.12
AP,2020-04-23,1.81,1.22,2.44,1.58,2.08
AP,2020-04-24,1.85,1.28,2.44,1.6500000000000001,2.13
AP,2020-04-25,1.84,1.3,2.41,1.6600000000000001,2.12
AP,2020-04-26,1.69,1.17,2.24,1.5,1.94
AP,2020-04-27,1.51,1.01,2.06,1.32,1.75
AP,2020-04-28,1.34,0.85,1.8900000000000001,1.17,1.6
AP,2020-04-29,1.17,0.68,1.72,1.0,1.43
AP,2020-04-30,1.12,0.61,1.6500000000000001,0.9400000000000001,1.37
AP,2020-05-01,0.92,0.4,1.45,0.7000000000000001,1.1300000000000001
BA,2020-03-18,3.0,1.01,6.99,2.04,4.45
BA,2020-03-19,2.66,1.1,4.75,2.0100000000000002,3.5500000000000003
BA,2020-03-20,2.46,1.08,4.08,1.92,3.18
BA,2020-03-21,2.32,1.08,3.71,1.86,2.96
BA,2020-03-22,2.2800000000000002,1.11,3.5,1.81,2.8000000000000003
BA,2020-03-23,2.15,1.09,3.2800000000000002,1.77,2.68
BA,2020-03-24,1.99,0.99,3.0300000000000002,1.6,2.44
BA,2020-03-25,2.0100000000000002,1.08,3.02,1.67,2.47
BA,2020-03-26,1.9100000000000001,1.02,2.86,1.6,2.36
BA,2020-03-27,1.95,1.11,2.87,1.62,2.34
BA,2020-03-28,1.95,1.12,2.79,1.6600000000000001,2.35
BA,2020-03-29,1.86,1.08,2.68,1.58,2.24
BA,2020-03-30,1.81,1.06,2.6,1.5,2.13
BA,2020-03-31,1.82,1.11,2.6,1.55,2.16
BA,2020-04-01,1.86,1.17,2.6,1.62,2.21
BA,2020-04-02,1.84,1.1500000000000001,2.52,1.62,2.19
BA,2020-04-03,1.69,1.04,2.37,1.47,2.02
BA,2020-04-04,1.6600000000000001,1.04,2.34,1.4000000000000001,1.93
BA,2020-04-05,1.61,1.01,2.2800000000000002,1.3800000000000001,1.9000000000000001
BA,2020-04-06,1.54,0.9400000000000001,2.18,1.32,1.83
BA,2020-04-07,1.45,0.86,2.08,1.22,1.72
BA,2020-04-08,1.34,0.76,1.97,1.1400000000000001,1.6400000000000001
BA,2020-04-09,1.24,0.65,1.85,1.05,1.55
BA,2020-04-10,1.1500000000000001,0.55,1.75,0.9500000000000001,1.45
BA,2020-04-11,1.3,0.72,1.92,1.06,1.55
BA,2020-04-12,1.41,0.84,2.02,1.22,1.71
BA,2020-04-13,1.53,0.97,2.12,1.3,1.77
BA,2020-04-14,1.7,1.17,2.2800000000000002,1.52,1.98
BA,2020-04-15,1.68,1.17,2.24,1.5,1.94
BA,2020-04-16,1.76,1.27,2.3000000000000003,1.56,1.98
BA,2020-04-17,1.73,1.25,2.24,1.56,1.97
BA,2020-04-18,1.69,1.23,2.19,1.54,1.94
BA,2020-04-19,1.71,1.26,2.19,1.53,1.9100000000000001
BA,2020-04-20,1.6,1.16,2.06,1.43,1.8
BA,2020-04-21,1.55,1.12,2.0,1.37,1.73
BA,2020-04-22,1.47,1.06,1.93,1.33,1.69
BA,2020-04-23,1.32,0.92,1.78,1.16,1.51
BA,2020-04-24,1.37,0.97,1.82,1.23,1.58
BA,2020-04-25,1.21,0.81,1.6500000000000001,1.08,1.43
BA,2020-04-26,1.17,0.78,1.62,1.04,1.3900000000000001
BA,2020-04-27,1.27,0.87,1.7,1.11,1.45
BA,2020-04-28,1.22,0.8300000000000001,1.6500000000000001,1.09,1.43
BA,2020-04-29,1.29,0.9,1.71,1.17,1.51
BA,2020-04-30,1.33,0.9500000000000001,1.75,1.19,1.52
BA,2020-05-01,1.37,0.98,1.76,1.22,1.54
CE,2020-03-16,3.0,1.01,6.99,2.04,4.45
CE,2020-03-17,2.6,1.17,4.33,2.0100000000000002,3.34
CE,2020-03-18,2.77,1.51,4.1,2.31,3.39
CE,2020-03-19,2.7,1.67,3.83,2.3000000000000003,3.19
CE,2020-03-20,2.42,1.52,3.38,2.1,2.87
CE,2020-03-21,2.23,1.43,3.11,1.93,2.62
CE,2020-03-22,2.09,1.33,2.88,1.82,2.46
CE,2020-03-23,1.97,1.25,2.71,1.7,2.3000000000000003
CE,2020-03-24,1.87,1.17,2.56,1.58,2.15
CE,2020-03-25,1.6400000000000001,0.99,2.34,1.42,1.98
CE,2020-03-26,1.54,0.88,2.2,1.33,1.8800000000000001
CE,2020-03-27,1.3800000000000001,0.75,2.06,1.1500000000000001,1.69
CE,2020-03-28,1.32,0.68,1.98,1.11,1.6500000000000001
CE,2020-03-29,1.49,0.87,2.16,1.27,1.8
CE,2020-03-30,1.6500000000000001,1.02,2.27,1.44,1.96
CE,2020-03-31,1.79,1.21,2.42,1.59,2.09
CE,2020-04-01,2.12,1.56,2.7,1.92,2.39
CE,2020-04-02,2.14,1.6300000000000001,2.7,1.95,2.39
CE,2020-04-03,2.16,1.68,2.69,2.0,2.42
CE,2020-04-04,2.19,1.74,2.69,2.02,2.41
CE,2020-04-05,1.92,1.48,2.38,1.75,2.12
CE,2020-04-06,1.69,1.28,2.16,1.53,1.8900000000000001
CE,2020-04-07,1.41,1.0,1.87,1.27,1.6300000000000001
CE,2020-04-08,1.19,0.78,1.6500000000000001,1.05,1.41
CE,2020-04-09,1.1400000000000001,0.71,1.58,0.99,1.35
CE,2020-04-10,0.98,0.56,1.44,0.8200000000000001,1.18
CE,2020-04-11,1.16,0.73,1.61,0.99,1.35
CE,2020-04-12,1.16,0.73,1.6,1.01,1.37
CE,2020-04-13,1.3900000000000001,0.98,1.84,1.21,1.56
CE,2020-04-14,1.71,1.32,2.15,1.56,1.9000000000000001
CE,2020-04-15,1.76,1.3800000000000001,2.17,1.6400000000000001,1.97
CE,2020-04-16,1.67,1.31,2.07,1.52,1.83
CE,2020-04-17,1.58,1.22,1.96,1.47,1.78
CE,2020-04-18,1.57,1.22,1.94,1.45,1.75
CE,2020-04-19,1.72,1.3900000000000001,2.09,1.61,1.9000000000000001
CE,2020-04-20,1.68,1.35,2.02,1.57,1.85
CE,2020-04-21,1.8,1.49,2.14,1.7,1.97
CE,2020-04-22,1.78,1.48,2.1,1.68,1.94
CE,2020-04-23,1.73,1.45,2.05,1.6400000000000001,1.8900000000000001
CE,2020-04-24,1.5,1.21,1.79,1.4000000000000001,1.6400000000000001
CE,2020-04-25,1.3900000000000001,1.12,1.7,1.3,1.54
CE,2020-04-26,1.22,0.9500000000000001,1.52,1.1400000000000001,1.3800000000000001
CE,2020-04-27,0.8300000000000001,0.56,1.1400000000000001,0.74,0.98
CE,2020-04-28,0.67,0.38,0.97,0.58,0.8300000000000001
CE,2020-04-29,0.65,0.36,0.97,0.54,0.79
CE,2020-04-30,0.55,0.25,0.87,0.45,0.71
CE,2020-05-01,0.45,0.15,0.78,0.33,0.59
DF,2020-03-15,3.0,1.01,6.99,2.04,4.45
DF,2020-03-16,3.14,1.51,5.09,2.52,4.03
DF,2020-03-18,2.84,1.5,4.23,2.35,3.49
DF,2020-03-19,2.62,1.51,3.79,2.23,3.18
DF,2020-03-20,2.44,1.44,3.43,2.05,2.87
DF,2020-03-21,2.25,1.3800000000000001,3.18,1.92,2.66
DF,2020-03-22,1.99,1.19,2.86,1.71,2.4
DF,2020-03-23,1.8800000000000001,1.09,2.67,1.59,2.24
DF,2020-03-24,1.73,0.97,2.49,1.47,2.1
DF,2020-03-25,1.58,0.84,2.32,1.31,1.92
DF,2020-03-26,1.5,0.79,2.25,1.24,1.84
DF,2020-03-27,1.46,0.76,2.2,1.19,1.78
DF,2020-03-28,1.42,0.72,2.14,1.19,1.78
DF,2020-03-29,1.37,0.6900000000000001,2.1,1.12,1.7
DF,2020-03-30,1.27,0.6,2.0,1.04,1.62
DF,2020-03-31,1.32,0.64,2.0300000000000002,1.06,1.6300000000000001
DF,2020-04-01,1.18,0.51,1.8900000000000001,0.9400000000000001,1.51
DF,2020-04-02,1.12,0.45,1.83,0.88,1.45
DF,2020-04-03,1.02,0.35000000000000003,1.73,0.76,1.33
DF,2020-04-04,0.9400000000000001,0.26,1.6300000000000001,0.7000000000000001,1.28
DF,2020-04-05,0.86,0.16,1.51,0.6,1.18
DF,2020-04-06,0.79,0.12,1.45,0.56,1.1500000000000001
DF,2020-04-07,0.8200000000000001,0.15,1.51,0.5700000000000001,1.17
DF,2020-04-08,0.87,0.18,1.58,0.62,1.23
DF,2020-04-09,0.92,0.19,1.61,0.63,1.24
DF,2020-04-10,0.98,0.26,1.71,0.74,1.36
DF,2020-04-11,1.1,0.36,1.83,0.8200000000000001,1.43
DF,2020-04-12,1.19,0.47000000000000003,1.93,0.91,1.51
DF,2020-04-13,1.23,0.54,1.98,0.97,1.56
DF,2020-04-14,1.26,0.5700000000000001,1.98,1.01,1.59
DF,2020-04-15,1.36,0.68,2.06,1.1300000000000001,1.7
DF,2020-04-16,1.32,0.67,2.02,1.11,1.67
DF,2020-04-17,1.34,0.68,2.0,1.1300000000000001,1.68
DF,2020-04-18,1.35,0.72,2.02,1.1500000000000001,1.69
DF,2020-04-19,1.29,0.67,1.95,1.08,1.61
DF,2020-04-20,1.21,0.59,1.86,0.97,1.49
DF,2020-04-21,1.03,0.43,1.7,0.8,1.32
DF,2020-04-22,1.17,0.54,1.81,0.92,1.44
DF,2020-04-23,1.24,0.62,1.8800000000000001,1.02,1.54
DF,2020-04-24,1.22,0.63,1.8800000000000001,0.99,1.5
DF,2020-04-25,1.45,0.85,2.07,1.21,1.71
DF,2020-04-26,1.62,1.05,2.23,1.43,1.92
DF,2020-04-27,1.6300000000000001,1.09,2.23,1.44,1.9100000000000001
DF,2020-04-28,1.67,1.1500000000000001,2.25,1.47,1.92
DF,2020-04-29,1.62,1.09,2.15,1.44,1.8800000000000001
DF,2020-04-30,1.6400000000000001,1.1300000000000001,2.16,1.47,1.9000000000000001
ES,2020-03-22,3.0,1.01,6.99,2.04,4.45
ES,2020-03-23,2.32,0.92,4.4,1.72,3.18
ES,2020-03-24,2.05,0.81,3.73,1.52,2.74
ES,2020-03-25,2.0,0.78,3.47,1.47,2.59
ES,2020-03-26,2.0300000000000002,0.8300000000000001,3.38,1.56,2.62
ES,2020-03-27,2.0300000000000002,0.89,3.3000000000000003,1.6,2.6
ES,2020-03-28,2.08,1.0,3.29,1.69,2.64
ES,2020-03-29,2.14,1.11,3.27,1.76,2.65
ES,2020-03-30,2.09,1.1,3.12,1.71,2.54
ES,2020-03-31,2.0300000000000002,1.12,3.0300000000000002,1.72,2.5100000000000002
ES,2020-04-01,2.0100000000000002,1.1400000000000001,2.95,1.6500000000000001,2.39
ES,2020-04-02,1.9000000000000001,1.04,2.7600000000000002,1.59,2.3000000000000003
ES,2020-04-03,1.76,0.9500000000000001,2.61,1.44,2.12
ES,2020-04-04,1.76,0.98,2.59,1.46,2.12
ES,2020-04-05,1.75,0.99,2.5500000000000003,1.46,2.1
ES,2020-04-06,1.78,1.05,2.56,1.51,2.13
ES,2020-04-07,1.76,1.05,2.5100000000000002,1.5,2.1
ES,2020-04-08,1.8,1.1300000000000001,2.54,1.56,2.14
ES,2020-04-09,1.77,1.11,2.47,1.53,2.09
ES,2020-04-10,1.84,1.2,2.5100000000000002,1.61,2.15
ES,2020-04-11,2.14,1.55,2.8000000000000003,1.9100000000000001,2.42
ES,2020-04-12,2.42,1.86,3.02,2.23,2.71
ES,2020-04-13,2.21,1.7,2.7800000000000002,2.0,2.44
ES,2020-04-14,2.22,1.71,2.72,2.05,2.47
ES,2020-04-15,2.02,1.54,2.5,1.87,2.27
ES,2020-04-16,1.72,1.25,2.18,1.57,1.96
ES,2020-04-17,1.49,1.04,1.96,1.33,1.71
ES,2020-04-18,1.2,0.75,1.67,1.04,1.42
ES,2020-04-19,0.96,0.52,1.46,0.8200000000000001,1.21
ES,2020-04-20,0.9400000000000001,0.47000000000000003,1.42,0.75,1.1400000000000001
ES,2020-04-21,0.81,0.35000000000000003,1.32,0.65,1.05
ES,2020-04-22,1.05,0.59,1.57,0.87,1.27
ES,2020-04-23,1.11,0.65,1.62,0.9500000000000001,1.35
ES,2020-04-24,1.36,0.9,1.85,1.19,1.58
ES,2020-04-25,1.84,1.4000000000000001,2.31,1.7,2.08
ES,2020-04-26,1.8,1.3900000000000001,2.25,1.68,2.04
ES,2020-04-27,1.81,1.41,2.23,1.67,2.0100000000000002
ES,2020-04-28,1.71,1.33,2.12,1.59,1.92
ES,2020-04-29,1.55,1.17,1.94,1.42,1.74
ES,2020-04-30,1.6,1.25,2.0100000000000002,1.46,1.77
GO,2020-03-25,3.0,1.01,6.99,2.04,4.45
GO,2020-03-26,2.5100000000000002,1.01,4.63,1.84,3.36
GO,2020-03-27,2.0300000000000002,0.8,3.68,1.56,2.77
GO,2020-03-28,1.98,0.8,3.47,1.47,2.58
GO,2020-03-29,1.75,0.64,3.09,1.33,2.35
GO,2020-03-30,1.75,0.65,3.0300000000000002,1.35,2.34
GO,2020-03-31,1.73,0.65,2.96,1.35,2.31
GO,2020-04-01,1.78,0.72,2.98,1.37,2.3000000000000003
GO,2020-04-02,1.74,0.6900000000000001,2.87,1.36,2.2600000000000002
GO,2020-04-03,1.82,0.8,2.92,1.43,2.3000000000000003
GO,2020-04-04,1.86,0.87,2.91,1.51,2.35
GO,2020-04-05,1.93,0.97,2.92,1.56,2.36
GO,2020-04-06,1.86,0.96,2.83,1.54,2.31
GO,2020-04-07,1.83,0.96,2.75,1.53,2.27
GO,2020-04-08,1.76,0.93,2.66,1.46,2.17
GO,2020-04-09,1.59,0.78,2.46,1.29,1.98
GO,2020-04-10,1.67,0.87,2.5100000000000002,1.34,2.0100000000000002
GO,2020-04-11,1.6500000000000001,0.85,2.44,1.3900000000000001,2.05
GO,2020-04-12,1.56,0.81,2.37,1.28,1.92
GO,2020-04-13,1.49,0.75,2.2800000000000002,1.23,1.86
GO,2020-04-14,1.49,0.74,2.24,1.23,1.85
GO,2020-04-15,1.45,0.74,2.22,1.2,1.81
GO,2020-04-16,1.34,0.63,2.09,1.08,1.68
GO,2020-04-17,1.25,0.53,1.98,1.0,1.6
GO,2020-04-18,1.2,0.5,1.95,0.96,1.56
GO,2020-04-19,1.03,0.29,1.72,0.78,1.3800000000000001
GO,2020-04-20,1.02,0.32,1.77,0.78,1.3900000000000001
GO,2020-04-21,1.02,0.27,1.72,0.75,1.36
GO,2020-04-22,1.21,0.47000000000000003,1.95,0.9400000000000001,1.55
GO,2020-04-23,1.28,0.55,2.0100000000000002,1.01,1.61
GO,2020-04-24,1.47,0.78,2.21,1.23,1.82
GO,2020-04-25,1.61,0.96,2.34,1.3900000000000001,1.96
GO,2020-04-26,1.74,1.11,2.43,1.49,2.0300000000000002
GO,2020-04-27,1.68,1.05,2.31,1.45,1.97
GO,2020-04-28,1.62,1.02,2.24,1.3800000000000001,1.8800000000000001
GO,2020-04-29,1.52,0.92,2.11,1.3,1.79
GO,2020-04-30,1.44,0.86,2.0300000000000002,1.21,1.69
GO,2020-05-01,1.25,0.68,1.84,1.05,1.53
MA,2020-03-28,3.0,1.01,6.99,2.04,4.45
MA,2020-03-29,3.0100000000000002,1.31,5.09,2.35,3.95
MA,2020-03-30,2.71,1.33,4.3,2.14,3.38
MA,2020-03-31,2.5100000000000002,1.29,3.8200000000000003,2.02,3.0700000000000003
MA,2020-04-01,2.42,1.32,3.5700000000000003,1.99,2.92
MA,2020-04-02,2.43,1.44,3.48,2.05,2.89
MA,2020-04-03,2.5100000000000002,1.59,3.44,2.15,2.91
MA,2020-04-04,2.48,1.6300000000000001,3.31,2.15,2.84
MA,2020-04-05,2.3000000000000003,1.54,3.09,2.0300000000000002,2.67
MA,2020-04-06,2.23,1.52,2.97,1.99,2.59
MA,2020-04-07,2.14,1.49,2.86,1.8800000000000001,2.44
MA,2020-04-08,2.0300000000000002,1.4000000000000001,2.7,1.82,2.36
MA,2020-04-09,1.85,1.24,2.49,1.6500000000000001,2.17
MA,2020-04-10,1.9000000000000001,1.32,2.5300000000000002,1.7,2.2
MA,2020-04-11,1.83,1.28,2.45,1.6300000000000001,2.11
MA,2020-04-12,1.83,1.3,2.43,1.6,2.06
MA,2020-04-13,2.13,1.62,2.7,1.92,2.36
MA,2020-04-14,2.22,1.74,2.75,2.07,2.49
MA,2020-04-15,2.12,1.6600000000000001,2.61,1.95,2.34
MA,2020-04-16,1.92,1.49,2.4,1.78,2.16
MA,2020-04-17,1.85,1.43,2.31,1.69,2.05
MA,2020-04-18,1.7,1.29,2.14,1.55,1.9000000000000001
MA,2020-04-19,1.5,1.1,1.94,1.37,1.72
MA,2020-04-20,1.41,1.02,1.85,1.26,1.6
MA,2020-04-21,1.26,0.87,1.69,1.1300000000000001,1.47
MA,2020-04-22,1.1300000000000001,0.74,1.56,1.0,1.34
MA,2020-04-23,1.07,0.67,1.49,0.93,1.27
MA,2020-04-24,1.21,0.8200000000000001,1.6400000000000001,1.08,1.42
MA,2020-04-25,1.47,1.07,1.87,1.32,1.6500000000000001
MA,2020-04-26,1.53,1.16,1.94,1.3900000000000001,1.71
MA,2020-04-27,1.6300000000000001,1.27,2.02,1.5,1.81
MA,2020-04-28,1.6,1.26,1.99,1.48,1.78
MA,2020-04-29,1.59,1.26,1.97,1.47,1.76
MA,2020-04-30,1.57,1.25,1.94,1.44,1.72
MA,2020-05-01,1.47,1.1500000000000001,1.82,1.37,1.6500000000000001
MG,2020-03-17,3.0,1.01,6.99,2.04,4.45
MG,2020-03-18,2.2800000000000002,0.9,4.29,1.6600000000000001,3.08
MG,2020-03-19,3.62,1.98,5.37,3.0300000000000002,4.45
MG,2020-03-20,3.14,1.86,4.51,2.67,3.77
MG,2020-03-21,2.7,1.61,3.84,2.27,3.19
MG,2020-03-22,2.48,1.49,3.47,2.13,2.95
MG,2020-03-23,2.35,1.46,3.27,2.04,2.79
MG,2020-03-24,2.11,1.28,2.96,1.79,2.48
MG,2020-03-25,1.94,1.17,2.77,1.67,2.33
MG,2020-03-26,1.81,1.07,2.61,1.52,2.15
MG,2020-03-27,1.71,0.97,2.46,1.47,2.09
MG,2020-03-28,1.46,0.75,2.22,1.16,1.76
MG,2020-03-29,1.62,0.93,2.38,1.3900000000000001,1.99
MG,2020-03-30,1.6300000000000001,0.93,2.34,1.37,1.95
MG,2020-03-31,1.59,0.93,2.31,1.36,1.93
MG,2020-04-01,1.6300000000000001,0.96,2.3000000000000003,1.37,1.92
MG,2020-04-02,1.6,0.97,2.2800000000000002,1.37,1.9100000000000001
MG,2020-04-03,1.52,0.9,2.18,1.31,1.84
MG,2020-04-04,1.48,0.88,2.14,1.27,1.79
MG,2020-04-05,1.45,0.86,2.1,1.24,1.75
MG,2020-04-06,1.36,0.77,1.99,1.1300000000000001,1.6300000000000001
MG,2020-04-07,1.27,0.6900000000000001,1.9000000000000001,1.07,1.57
MG,2020-04-08,1.28,0.6900000000000001,1.8900000000000001,1.09,1.59
MG,2020-04-09,1.18,0.6,1.8,0.9500000000000001,1.44
MG,2020-04-10,1.1300000000000001,0.56,1.76,0.91,1.4000000000000001
MG,2020-04-11,1.1,0.53,1.73,0.87,1.36
MG,2020-04-12,1.08,0.5,1.7,0.84,1.33
MG,2020-04-13,1.08,0.5,1.7,0.84,1.33
MG,2020-04-14,1.09,0.52,1.72,0.87,1.36
MG,2020-04-15,1.18,0.61,1.8,0.98,1.47
MG,2020-04-16,1.19,0.63,1.81,0.9500000000000001,1.43
MG,2020-04-17,1.18,0.59,1.75,0.98,1.46
MG,2020-04-18,1.22,0.65,1.8,1.04,1.52
MG,2020-04-19,1.07,0.53,1.68,0.86,1.33
MG,2020-04-20,1.19,0.63,1.77,0.99,1.46
MG,2020-04-21,1.16,0.6,1.73,0.98,1.45
MG,2020-04-22,1.1500000000000001,0.61,1.74,0.93,1.3900000000000001
MG,2020-04-23,1.1400000000000001,0.6,1.72,0.9400000000000001,1.4000000000000001
MG,2020-04-24,1.1300000000000001,0.59,1.7,0.9500000000000001,1.41
MG,2020-04-25,1.26,0.72,1.82,1.04,1.49
MG,2020-04-26,1.28,0.74,1.82,1.1,1.55
MG,2020-04-27,1.33,0.8200000000000001,1.8900000000000001,1.1500000000000001,1.59
MG,2020-04-28,1.36,0.86,1.9100000000000001,1.17,1.6
MG,2020-04-29,1.26,0.76,1.79,1.1,1.53
MG,2020-04-30,1.29,0.8,1.82,1.11,1.53
MG,2020-05-01,1.31,0.8300000000000001,1.84,1.1500000000000001,1.57
MS,2020-04-06,3.0,1.01,6.99,2.04,4.45
MS,2020-04-07,2.5100000000000002,1.01,4.63,1.84,3.36
MS,2020-04-08,2.0300000000000002,0.8,3.68,1.56,2.77
MS,2020-04-09,1.98,0.8,3.47,1.47,2.58
MS,2020-04-10,1.84,0.71,3.19,1.3900000000000001,2.42
MS,2020-04-11,1.73,0.63,2.99,1.32,2.3000000000000003
MS,2020-04-12,1.6500000000000001,0.5700000000000001,2.85,1.27,2.22
MS,2020-04-13,1.6500000000000001,0.59,2.83,1.27,2.2
MS,2020-04-14,1.77,0.72,2.93,1.3800000000000001,2.29
MS,2020-04-15,1.73,0.71,2.85,1.35,2.23
MS,2020-04-16,1.68,0.66,2.73,1.28,2.13
MS,2020-04-17,1.6400000000000001,0.66,2.68,1.28,2.11
MS,2020-04-18,1.45,0.46,2.42,1.07,1.8800000000000001
MS,2020-04-19,1.4000000000000001,0.44,2.38,1.07,1.8800000000000001
MS,2020-04-20,1.4000000000000001,0.45,2.38,1.05,1.85
MS,2020-04-21,1.35,0.39,2.29,0.97,1.76
MS,2020-04-22,1.35,0.4,2.29,1.02,1.81
MS,2020-04-23,1.31,0.38,2.25,0.9500000000000001,1.73
MS,2020-04-24,1.31,0.39,2.25,0.99,1.77
MS,2020-04-25,1.32,0.41000000000000003,2.2600000000000002,0.98,1.75
MS,2020-04-26,1.23,0.32,2.13,0.86,1.62
MS,2020-04-27,1.1500000000000001,0.27,2.05,0.8200000000000001,1.58
MS,2020-04-28,1.03,0.17,1.8900000000000001,0.72,1.48
MS,2020-04-29,0.87,0.08,1.7,0.53,1.27
MS,2020-04-30,0.87,0.06,1.69,0.53,1.28
MS,2020-05-01,0.8,0.06,1.67,0.43,1.17
MT,2020-03-31,3.0,1.01,6.99,2.04,4.45
MT,2020-04-01,2.46,0.99,4.51,1.83,3.31
MT,2020-04-02,2.5,1.1300000000000001,4.18,1.95,3.23
MT,2020-04-03,2.14,0.96,3.56,1.62,2.7
MT,2020-04-04,2.02,0.92,3.31,1.58,2.57
MT,2020-04-05,1.98,0.93,3.18,1.58,2.5100000000000002
MT,2020-04-06,1.82,0.8200000000000001,2.94,1.4000000000000001,2.27
MT,2020-04-07,1.7,0.7000000000000001,2.73,1.34,2.18
MT,2020-04-08,1.6,0.65,2.63,1.27,2.09
MT,2020-04-09,1.52,0.59,2.5300000000000002,1.18,1.98
MT,2020-04-10,1.41,0.46,2.36,1.08,1.87
MT,2020-04-11,1.31,0.35000000000000003,2.22,0.9400000000000001,1.72
MT,2020-04-12,1.27,0.33,2.19,0.91,1.69
MT,2020-04-13,1.19,0.24,2.07,0.84,1.62
MT,2020-04-14,1.12,0.19,1.99,0.75,1.53
MT,2020-04-15,1.1,0.18,1.98,0.77,1.56
MT,2020-04-16,1.09,0.18,1.98,0.73,1.52
MT,2020-04-17,1.02,0.13,1.8900000000000001,0.68,1.47
MT,2020-04-18,1.06,0.17,1.97,0.72,1.52
MT,2020-04-19,1.1500000000000001,0.21,2.06,0.8200000000000001,1.6300000000000001
MT,2020-04-20,1.23,0.27,2.15,0.91,1.72
MT,2020-04-21,1.3,0.36,2.25,0.97,1.77
MT,2020-04-22,1.35,0.39,2.2600000000000002,0.99,1.77
MT,2020-04-23,1.3,0.36,2.19,0.97,1.74
MT,2020-04-24,1.25,0.34,2.14,0.9400000000000001,1.7
MT,2020-04-25,1.26,0.37,2.16,0.9400000000000001,1.69
MT,2020-04-26,1.26,0.38,2.15,0.9400000000000001,1.68
MT,2020-04-27,1.18,0.3,2.0300000000000002,0.85,1.58
MT,2020-04-28,1.19,0.33,2.06,0.89,1.62
MT,2020-04-29,1.2,0.34,2.06,0.87,1.59
MT,2020-04-30,1.29,0.42,2.14,1.0,1.72
MT,2020-05-01,1.36,0.51,2.21,1.04,1.74
PA,2020-03-30,3.0,1.01,6.99,2.04,4.45
PA,2020-03-31,2.56,1.09,4.5600000000000005,1.93,3.39
PA,2020-04-01,2.35,1.08,3.93,1.82,3.0100000000000002
PA,2020-04-02,2.48,1.28,3.84,2.05,3.12
PA,2020-04-03,2.54,1.44,3.72,2.09,3.0300000000000002
PA,2020-04-04,2.33,1.33,3.36,1.97,2.81
PA,2020-04-05,2.12,1.23,3.1,1.79,2.56
PA,2020-04-06,2.13,1.29,3.04,1.82,2.54
PA,2020-04-07,1.96,1.17,2.82,1.68,2.36
PA,2020-04-08,1.79,1.03,2.61,1.52,2.17
PA,2020-04-09,1.85,1.1,2.62,1.6,2.23
PA,2020-04-10,1.95,1.25,2.71,1.69,2.29
PA,2020-04-11,2.09,1.3900000000000001,2.77,1.84,2.41
PA,2020-04-12,2.13,1.5,2.81,1.9100000000000001,2.45
PA,2020-04-13,2.18,1.58,2.81,1.98,2.49
PA,2020-04-14,2.0,1.44,2.61,1.79,2.27
PA,2020-04-15,1.78,1.24,2.37,1.55,2.0100000000000002
PA,2020-04-16,1.92,1.3900000000000001,2.48,1.73,2.18
PA,2020-04-17,1.8800000000000001,1.3800000000000001,2.43,1.69,2.12
PA,2020-04-18,1.9000000000000001,1.43,2.44,1.75,2.17
PA,2020-04-19,1.76,1.29,2.2600000000000002,1.59,1.99
PA,2020-04-20,1.97,1.51,2.44,1.83,2.22
PA,2020-04-21,1.96,1.54,2.43,1.82,2.19
PA,2020-04-22,2.07,1.6400000000000001,2.48,1.93,2.2800000000000002
PA,2020-04-23,1.94,1.54,2.34,1.8,2.13
PA,2020-04-24,1.68,1.31,2.09,1.54,1.86
PA,2020-04-25,1.49,1.12,1.8900000000000001,1.37,1.69
PA,2020-04-26,1.57,1.2,1.95,1.43,1.74
PA,2020-04-27,1.57,1.2,1.93,1.42,1.72
PA,2020-04-28,1.55,1.19,1.9000000000000001,1.44,1.74
PA,2020-04-29,1.3900000000000001,1.05,1.75,1.27,1.56
PA,2020-04-30,1.45,1.12,1.81,1.35,1.6400000000000001
PA,2020-05-01,1.35,1.03,1.71,1.24,1.52
PB,2020-04-05,3.0,1.01,6.99,2.04,4.45
PB,2020-04-06,2.66,1.1,4.75,2.0100000000000002,3.5500000000000003
PB,2020-04-07,2.6,1.22,4.28,2.0300000000000002,3.31
PB,2020-04-08,2.49,1.26,3.92,2.0300000000000002,3.14
PB,2020-04-09,2.5300000000000002,1.3800000000000001,3.7600000000000002,2.12,3.11
PB,2020-04-10,2.35,1.3,3.43,1.96,2.84
PB,2020-04-11,2.16,1.22,3.18,1.82,2.63
PB,2020-04-12,2.11,1.19,3.02,1.8,2.56
PB,2020-04-13,1.8800000000000001,1.05,2.79,1.6,2.32
PB,2020-04-14,1.79,0.98,2.65,1.51,2.2
PB,2020-04-15,1.72,0.93,2.5500000000000003,1.45,2.12
PB,2020-04-16,1.59,0.81,2.39,1.3,1.95
PB,2020-04-17,1.58,0.81,2.36,1.31,1.95
PB,2020-04-18,1.59,0.86,2.38,1.35,1.98
PB,2020-04-19,1.62,0.89,2.37,1.36,1.97
PB,2020-04-20,1.74,1.05,2.49,1.48,2.07
PB,2020-04-21,1.81,1.12,2.5,1.56,2.13
PB,2020-04-22,1.85,1.21,2.54,1.6300000000000001,2.18
PB,2020-04-23,1.8900000000000001,1.27,2.54,1.6400000000000001,2.16
PB,2020-04-24,1.8900000000000001,1.31,2.5300000000000002,1.67,2.17
PB,2020-04-25,1.95,1.37,2.5300000000000002,1.75,2.23
PB,2020-04-26,1.93,1.3900000000000001,2.5,1.74,2.2
PB,2020-04-27,1.9000000000000001,1.36,2.42,1.72,2.16
PB,2020-04-28,1.82,1.33,2.36,1.6300000000000001,2.05
PB,2020-04-29,1.71,1.21,2.2,1.54,1.95
PB,2020-04-30,1.62,1.1500000000000001,2.12,1.45,1.85
PB,2020-05-01,1.58,1.12,2.07,1.41,1.8
PE,2020-03-24,3.0,1.01,6.99,2.04,4.45
PE,2020-03-25,2.2800000000000002,0.9,4.29,1.6600000000000001,3.08
PE,2020-03-26,1.9000000000000001,0.71,3.48,1.43,2.59
PE,2020-03-27,1.87,0.73,3.33,1.3800000000000001,2.46
PE,2020-03-28,1.93,0.78,3.27,1.51,2.5500000000000003
PE,2020-03-29,1.87,0.73,3.08,1.47,2.45
PE,2020-03-30,2.02,0.92,3.19,1.62,2.56
PE,2020-03-31,2.22,1.16,3.31,1.84,2.73
PE,2020-04-01,2.29,1.33,3.33,1.9100000000000001,2.73
PE,2020-04-02,2.24,1.35,3.2,1.9100000000000001,2.67
PE,2020-04-03,2.75,1.9100000000000001,3.6,2.46,3.16
PE,2020-04-04,2.7,1.96,3.48,2.45,3.08
PE,2020-04-05,2.9,2.21,3.5700000000000003,2.65,3.21
PE,2020-04-06,2.88,2.2800000000000002,3.5,2.64,3.14
PE,2020-04-07,2.7600000000000002,2.23,3.34,2.58,3.04
PE,2020-04-08,2.56,2.06,3.08,2.38,2.8000000000000003
PE,2020-04-09,2.42,1.94,2.89,2.23,2.62
PE,2020-04-10,2.19,1.74,2.64,2.02,2.39
PE,2020-04-11,2.04,1.6300000000000001,2.5,1.9000000000000001,2.2600000000000002
PE,2020-04-12,1.81,1.4000000000000001,2.24,1.67,2.02
PE,2020-04-13,1.85,1.44,2.25,1.73,2.07
PE,2020-04-14,1.67,1.28,2.07,1.54,1.87
PE,2020-04-15,1.6400000000000001,1.26,2.0300000000000002,1.51,1.83
PE,2020-04-16,1.57,1.2,1.95,1.43,1.74
PE,2020-04-17,1.46,1.11,1.85,1.35,1.6600000000000001
PE,2020-04-18,1.48,1.1400000000000001,1.87,1.36,1.6600000000000001
PE,2020-04-19,1.47,1.1300000000000001,1.84,1.33,1.62
PE,2020-04-20,1.47,1.11,1.8,1.36,1.6500000000000001
PE,2020-04-21,1.58,1.26,1.94,1.46,1.74
PE,2020-04-22,1.52,1.21,1.87,1.4000000000000001,1.67
PE,2020-04-23,1.6,1.29,1.93,1.51,1.78
PE,2020-04-24,1.5,1.2,1.82,1.41,1.67
PE,2020-04-25,1.46,1.17,1.78,1.35,1.6
PE,2020-04-26,1.53,1.23,1.82,1.44,1.69
PE,2020-04-27,1.37,1.08,1.6600000000000001,1.26,1.5
PE,2020-04-28,1.31,1.04,1.62,1.22,1.46
PE,2020-04-29,1.24,0.97,1.54,1.16,1.4000000000000001
PE,2020-04-30,1.16,0.9,1.47,1.04,1.27
PE,2020-05-01,1.19,0.92,1.48,1.09,1.32
PI,2020-04-10,3.0,1.01,6.99,2.04,4.45
PI,2020-04-11,2.94,1.27,5.17,2.27,3.92
PI,2020-04-12,2.63,1.19,4.29,2.05,3.35
PI,2020-04-13,2.64,1.36,4.09,2.17,3.31
PI,2020-04-14,2.64,1.48,3.9,2.18,3.18
PI,2020-04-15,2.43,1.36,3.5100000000000002,2.04,2.93
PI,2020-04-16,2.37,1.42,3.39,2.0100000000000002,2.82
PI,2020-04-17,2.2,1.32,3.14,1.8800000000000001,2.63
PI,2020-04-18,1.99,1.1400000000000001,2.85,1.71,2.42
PI,2020-04-19,1.94,1.1500000000000001,2.79,1.61,2.2800000000000002
PI,2020-04-20,1.8800000000000001,1.11,2.68,1.62,2.27
PI,2020-04-21,1.85,1.1,2.61,1.56,2.18
PI,2020-04-22,1.79,1.07,2.5300000000000002,1.52,2.12
PI,2020-04-23,1.78,1.1,2.52,1.51,2.09
PI,2020-04-24,1.78,1.12,2.49,1.51,2.07
PI,2020-04-25,1.76,1.1,2.42,1.55,2.1
PI,2020-04-26,1.84,1.22,2.5,1.6300000000000001,2.16
PI,2020-04-27,1.84,1.25,2.48,1.6400000000000001,2.15
PI,2020-04-28,1.74,1.18,2.37,1.54,2.0300000000000002
PI,2020-04-29,1.68,1.12,2.27,1.5,1.98
PI,2020-04-30,1.6300000000000001,1.07,2.19,1.41,1.87
PI,2020-05-01,1.59,1.07,2.17,1.3900000000000001,1.84
PR,2020-03-18,3.0,1.01,6.99,2.04,4.45
PR,2020-03-19,2.42,0.96,4.39,1.85,3.3000000000000003
PR,2020-03-20,2.31,1.02,3.93,1.79,3.0100000000000002
PR,2020-03-21,2.4,1.16,3.79,1.95,3.0500000000000003
PR,2020-03-22,2.24,1.1400000000000001,3.49,1.78,2.75
PR,2020-03-23,2.17,1.1,3.25,1.78,2.67
PR,2020-03-24,2.05,1.08,3.08,1.71,2.54
PR,2020-03-25,1.9000000000000001,0.99,2.88,1.57,2.35
PR,2020-03-26,1.78,0.91,2.72,1.42,2.16
PR,2020-03-27,1.69,0.84,2.59,1.3800000000000001,2.1
PR,2020-03-28,1.76,0.9400000000000001,2.64,1.47,2.17
PR,2020-03-29,1.77,0.97,2.61,1.43,2.1
PR,2020-03-30,1.82,1.05,2.63,1.54,2.19
PR,2020-03-31,2.1,1.36,2.86,1.84,2.46
PR,2020-04-01,2.13,1.43,2.84,1.87,2.45
PR,2020-04-02,2.05,1.3800000000000001,2.71,1.82,2.37
PR,2020-04-03,1.95,1.33,2.6,1.69,2.21
PR,2020-04-04,1.82,1.2,2.42,1.6300000000000001,2.14
PR,2020-04-05,1.68,1.1,2.29,1.47,1.96
PR,2020-04-06,1.47,0.89,2.06,1.24,1.72
PR,2020-04-07,1.31,0.76,1.93,1.11,1.59
PR,2020-04-08,1.24,0.68,1.85,1.03,1.51
PR,2020-04-09,1.04,0.46,1.6300000000000001,0.8,1.28
PR,2020-04-10,1.01,0.44,1.6300000000000001,0.8,1.29
PR,2020-04-11,0.9500000000000001,0.37,1.57,0.76,1.26
PR,2020-04-12,0.84,0.23,1.42,0.62,1.12
PR,2020-04-13,0.79,0.21,1.41,0.58,1.09
PR,2020-04-14,0.79,0.2,1.41,0.58,1.1
PR,2020-04-15,0.89,0.27,1.52,0.68,1.21
PR,2020-04-16,0.93,0.3,1.56,0.72,1.25
PR,2020-04-17,0.9,0.29,1.55,0.6900000000000001,1.22
PR,2020-04-18,0.96,0.34,1.61,0.75,1.28
PR,2020-04-19,0.93,0.29,1.55,0.71,1.24
PR,2020-04-20,0.92,0.28,1.54,0.7000000000000001,1.23
PR,2020-04-21,0.8200000000000001,0.2,1.44,0.6,1.1300000000000001
PR,2020-04-22,0.71,0.11,1.31,0.5,1.03
PR,2020-04-23,0.6,0.07,1.22,0.39,0.91
PR,2020-04-24,0.8,0.15,1.42,0.54,1.09
PR,2020-04-25,1.1,0.44,1.79,0.87,1.43
PR,2020-04-26,1.33,0.67,1.98,1.1,1.6400000000000001
PR,2020-04-27,1.41,0.81,2.08,1.19,1.71
PR,2020-04-28,1.5,0.9,2.12,1.27,1.77
PR,2020-04-29,1.5,0.91,2.09,1.3,1.79
PR,2020-04-30,1.48,0.92,2.07,1.24,1.71
PR,2020-05-01,1.47,0.9,2.02,1.25,1.71
RJ,2020-03-08,3.0,1.01,6.99,2.04,4.45
RJ,2020-03-12,2.2800000000000002,0.9400000000000001,4.09,1.76,3.09
RJ,2020-03-15,2.8000000000000003,1.47,4.32,2.29,3.48
RJ,2020-03-16,3.08,1.9000000000000001,4.29,2.65,3.64
RJ,2020-03-18,3.11,2.13,4.12,2.75,3.5700000000000003
RJ,2020-03-19,3.06,2.23,3.92,2.7800000000000002,3.48
RJ,2020-03-21,2.86,2.14,3.62,2.6,3.21
RJ,2020-03-22,2.62,1.97,3.3000000000000003,2.39,2.94
RJ,2020-03-23,2.41,1.82,3.0500000000000003,2.21,2.72
RJ,2020-03-24,2.11,1.55,2.71,1.92,2.4
RJ,2020-03-25,1.8900000000000001,1.35,2.47,1.69,2.15
RJ,2020-03-26,1.6300000000000001,1.11,2.21,1.43,1.8800000000000001
RJ,2020-03-27,1.41,0.89,1.98,1.23,1.68
RJ,2020-03-28,1.42,0.89,1.97,1.25,1.7
RJ,2020-03-29,1.5,0.99,2.06,1.31,1.75
RJ,2020-03-30,1.52,1.03,2.08,1.34,1.77
RJ,2020-03-31,1.7,1.22,2.24,1.53,1.95
RJ,2020-04-01,1.77,1.31,2.29,1.59,1.99
RJ,2020-04-02,1.67,1.21,2.15,1.52,1.9100000000000001
RJ,2020-04-03,1.77,1.33,2.24,1.6300000000000001,2.0100000000000002
RJ,2020-04-04,1.81,1.3900000000000001,2.27,1.6500000000000001,2.0100000000000002
RJ,2020-04-05,1.85,1.45,2.29,1.72,2.07
RJ,2020-04-06,1.79,1.41,2.22,1.6300000000000001,1.96
RJ,2020-04-07,1.62,1.23,2.0100000000000002,1.47,1.79
RJ,2020-04-08,1.6300000000000001,1.27,2.04,1.51,1.83
RJ,2020-04-09,1.61,1.26,2.0100000000000002,1.49,1.8
RJ,2020-04-10,1.47,1.12,1.85,1.34,1.6400000000000001
RJ,2020-04-11,1.49,1.1500000000000001,1.87,1.3800000000000001,1.68
RJ,2020-04-12,1.28,0.9400000000000001,1.6500000000000001,1.1500000000000001,1.44
RJ,2020-04-13,1.3,0.96,1.6600000000000001,1.18,1.47
RJ,2020-04-14,1.17,0.8300000000000001,1.52,1.07,1.36
RJ,2020-04-15,1.05,0.72,1.42,0.9400000000000001,1.23
RJ,2020-04-16,1.02,0.6900000000000001,1.3900000000000001,0.91,1.2
RJ,2020-04-17,1.05,0.72,1.42,0.9400000000000001,1.23
RJ,2020-04-18,0.93,0.6,1.3,0.8200000000000001,1.11
RJ,2020-04-19,1.29,0.9500000000000001,1.6400000000000001,1.19,1.48
RJ,2020-04-20,1.1400000000000001,0.8,1.48,1.01,1.29
RJ,2020-04-21,1.43,1.1,1.77,1.32,1.6
RJ,2020-04-22,1.31,1.01,1.67,1.2,1.47
RJ,2020-04-23,1.7,1.4000000000000001,2.04,1.58,1.84
RJ,2020-04-24,1.74,1.46,2.07,1.6400000000000001,1.8900000000000001
RJ,2020-04-25,1.57,1.3,1.8900000000000001,1.46,1.7
RJ,2020-04-26,1.48,1.19,1.76,1.3900000000000001,1.6300000000000001
RJ,2020-04-27,1.54,1.27,1.83,1.44,1.67
RJ,2020-04-28,1.32,1.05,1.6,1.23,1.46
RJ,2020-04-29,1.41,1.1500000000000001,1.69,1.33,1.56
RJ,2020-04-30,1.22,0.98,1.52,1.1300000000000001,1.35
RJ,2020-05-01,1.29,1.04,1.57,1.2,1.42
RN,2020-03-24,3.0,1.01,6.99,2.04,4.45
RN,2020-03-25,3.09,1.37,5.2700000000000005,2.42,4.07
RN,2020-03-26,2.79,1.3900000000000001,4.45,2.24,3.52
RN,2020-03-27,2.58,1.36,3.96,2.1,3.18
RN,2020-03-28,2.41,1.32,3.62,1.98,2.93
RN,2020-03-30,2.62,1.61,3.7,2.23,3.09
RN,2020-03-31,1.94,1.04,2.93,1.61,2.39
RN,2020-04-01,2.37,1.5,3.29,2.07,2.81
RN,2020-04-02,2.19,1.4000000000000001,3.06,1.8800000000000001,2.56
RN,2020-04-03,1.99,1.21,2.77,1.68,2.32
RN,2020-04-04,1.84,1.1,2.6,1.58,2.2
RN,2020-04-05,1.72,1.02,2.48,1.46,2.06
RN,2020-04-07,1.6500000000000001,0.9500000000000001,2.37,1.42,2.0100000000000002
RN,2020-04-08,1.54,0.88,2.2800000000000002,1.32,1.9000000000000001
RN,2020-04-10,1.33,0.65,2.0300000000000002,1.09,1.6600000000000001
RN,2020-04-11,1.42,0.76,2.14,1.19,1.76
RN,2020-04-12,1.16,0.5,1.87,0.89,1.45
RN,2020-04-13,1.35,0.6900000000000001,2.06,1.08,1.6400000000000001
RN,2020-04-14,1.45,0.8,2.15,1.17,1.72
RN,2020-04-15,1.51,0.88,2.2,1.27,1.81
RN,2020-04-16,1.3900000000000001,0.77,2.06,1.16,1.69
RN,2020-04-17,1.28,0.64,1.9100000000000001,1.01,1.53
RN,2020-04-18,1.3,0.67,1.93,1.08,1.6
RN,2020-04-19,1.29,0.68,1.93,1.09,1.61
RN,2020-04-20,1.26,0.67,1.9100000000000001,1.05,1.56
RN,2020-04-21,1.16,0.56,1.79,0.96,1.47
RN,2020-04-22,1.03,0.42,1.6500000000000001,0.8200000000000001,1.33
RN,2020-04-23,0.96,0.35000000000000003,1.59,0.71,1.22
RN,2020-04-24,1.41,0.81,2.05,1.2,1.71
RN,2020-04-25,1.6400000000000001,1.06,2.25,1.43,1.92
RN,2020-04-26,1.72,1.16,2.3000000000000003,1.52,1.99
RN,2020-04-27,1.75,1.22,2.31,1.56,2.0100000000000002
RN,2020-04-28,1.81,1.31,2.36,1.62,2.05
RN,2020-04-29,1.86,1.37,2.37,1.67,2.08
RO,2020-04-09,3.0,1.01,6.99,2.04,4.45
RO,2020-04-10,2.71,1.12,4.88,2.08,3.67
RO,2020-04-11,2.82,1.36,4.57,2.27,3.62
RO,2020-04-12,2.64,1.36,4.09,2.17,3.31
RO,2020-04-14,2.64,1.48,3.9,2.19,3.19
RO,2020-04-15,2.56,1.52,3.68,2.16,3.0500000000000003
RO,2020-04-16,2.54,1.61,3.56,2.17,2.97
RO,2020-04-17,2.38,1.53,3.31,2.06,2.79
RO,2020-04-18,2.24,1.45,3.1,1.96,2.64
RO,2020-04-19,2.12,1.37,2.92,1.85,2.49
RO,2020-04-20,2.04,1.32,2.79,1.8,2.41
RO,2020-04-21,1.9000000000000001,1.22,2.63,1.6500000000000001,2.23
RO,2020-04-23,1.77,1.09,2.45,1.52,2.08
RO,2020-04-24,1.62,0.97,2.3000000000000003,1.3900000000000001,1.94
RO,2020-04-25,1.44,0.81,2.13,1.2,1.74
RO,2020-04-26,1.41,0.79,2.1,1.19,1.73
RO,2020-04-27,1.35,0.73,2.0300000000000002,1.08,1.61
RO,2020-04-28,1.32,0.6900000000000001,1.98,1.09,1.62
RO,2020-04-29,1.27,0.64,1.92,1.05,1.58
RO,2020-04-30,1.25,0.64,1.92,1.05,1.58
RR,2020-04-07,3.0,1.01,6.99,2.04,4.45
RR,2020-04-08,2.5100000000000002,1.01,4.63,1.84,3.36
RR,2020-04-09,2.71,1.27,4.48,2.16,3.5100000000000002
RR,2020-04-10,2.48,1.23,3.97,1.98,3.12
RR,2020-04-11,2.48,1.3,3.7600000000000002,2.0300000000000002,3.0500000000000003
RR,2020-04-12,2.42,1.33,3.5500000000000003,2.02,2.94
RR,2020-04-13,2.44,1.46,3.49,2.09,2.93
RR,2020-04-14,2.3000000000000003,1.3900000000000001,3.25,1.98,2.75
RR,2020-04-15,2.22,1.37,3.1,1.8800000000000001,2.59
RR,2020-04-16,2.02,1.22,2.85,1.72,2.39
RR,2020-04-17,1.9100000000000001,1.1400000000000001,2.7,1.61,2.25
RR,2020-04-18,1.6600000000000001,0.91,2.42,1.37,1.99
RR,2020-04-19,1.54,0.8200000000000001,2.31,1.25,1.86
RR,2020-04-20,1.41,0.71,2.19,1.16,1.77
RR,2020-04-21,1.45,0.72,2.18,1.18,1.78
RR,2020-04-22,1.34,0.63,2.08,1.1,1.7
RR,2020-04-23,1.33,0.62,2.06,1.05,1.6400000000000001
RR,2020-04-24,1.24,0.52,1.95,0.99,1.58
RR,2020-04-25,1.46,0.77,2.19,1.18,1.76
RR,2020-04-26,1.42,0.74,2.13,1.16,1.73
RR,2020-04-27,1.43,0.74,2.1,1.18,1.74
RR,2020-04-29,1.5,0.86,2.2,1.27,1.82
RR,2020-04-30,1.45,0.8300000000000001,2.14,1.23,1.77
RS,2020-03-13,3.0,1.01,6.99,2.04,4.45
RS,2020-03-16,3.18,1.41,5.44,2.43,4.13
RS,2020-03-18,2.87,1.41,4.5600000000000005,2.3000000000000003,3.62
RS,2020-03-19,2.85,1.57,4.2700000000000005,2.35,3.47
RS,2020-03-20,2.65,1.54,3.88,2.25,3.22
RS,2020-03-21,2.66,1.6300000000000001,3.71,2.29,3.15
RS,2020-03-22,2.5300000000000002,1.61,3.48,2.18,2.95
RS,2020-03-23,2.24,1.4000000000000001,3.12,1.94,2.65
RS,2020-03-24,2.0,1.21,2.83,1.72,2.39
RS,2020-03-25,1.86,1.11,2.67,1.58,2.22
RS,2020-03-26,1.6600000000000001,0.91,2.42,1.37,1.99
RS,2020-03-27,1.6500000000000001,0.92,2.4,1.3900000000000001,2.0
RS,2020-03-28,1.52,0.8300000000000001,2.29,1.27,1.87
RS,2020-03-29,1.61,0.92,2.35,1.37,1.96
RS,2020-03-30,1.51,0.8300000000000001,2.23,1.28,1.86
RS,2020-03-31,1.46,0.79,2.17,1.22,1.79
RS,2020-04-01,1.53,0.88,2.24,1.3,1.86
RS,2020-04-02,1.51,0.87,2.2,1.29,1.84
RS,2020-04-03,1.44,0.79,2.09,1.22,1.76
RS,2020-04-04,1.36,0.74,2.0300000000000002,1.1400000000000001,1.67
RS,2020-04-05,1.3,0.6900000000000001,1.97,1.1,1.6300000000000001
RS,2020-04-06,1.25,0.65,1.92,1.02,1.54
RS,2020-04-07,1.05,0.45,1.72,0.8200000000000001,1.34
RS,2020-04-08,0.98,0.34,1.61,0.76,1.29
RS,2020-04-09,0.89,0.25,1.52,0.62,1.1500000000000001
RS,2020-04-10,0.77,0.14,1.3800000000000001,0.55,1.09
RS,2020-04-11,0.72,0.13,1.37,0.51,1.06
RS,2020-04-12,0.71,0.09,1.33,0.46,1.01
RS,2020-04-13,0.8300000000000001,0.18,1.5,0.58,1.1500000000000001
RS,2020-04-14,0.89,0.22,1.57,0.65,1.23
RS,2020-04-15,1.01,0.31,1.69,0.77,1.35
RS,2020-04-16,1.08,0.39,1.77,0.8200000000000001,1.3900000000000001
RS,2020-04-17,1.06,0.4,1.77,0.84,1.41
RS,2020-04-18,1.07,0.41000000000000003,1.77,0.8200000000000001,1.3800000000000001
RS,2020-04-19,1.1500000000000001,0.49,1.84,0.93,1.49
RS,2020-04-20,1.23,0.58,1.9100000000000001,1.01,1.56
RS,2020-04-21,1.4000000000000001,0.78,2.08,1.1400000000000001,1.67
RS,2020-04-22,1.47,0.86,2.12,1.26,1.78
RS,2020-04-23,1.53,0.93,2.15,1.3,1.8
RS,2020-04-24,1.6300000000000001,1.05,2.23,1.44,1.93
RS,2020-04-25,1.59,1.03,2.17,1.3900000000000001,1.86
RS,2020-04-26,1.6300000000000001,1.1,2.21,1.45,1.9100000000000001
RS,2020-04-27,1.58,1.07,2.15,1.37,1.81
RS,2020-04-28,1.51,1.0,2.05,1.3,1.73
RS,2020-04-29,1.48,0.98,2.0100000000000002,1.32,1.75
RS,2020-04-30,1.43,0.92,1.93,1.26,1.68
RS,2020-05-01,1.44,0.96,1.96,1.26,1.67
SC,2020-03-17,3.0,1.01,6.99,2.04,4.45
SC,2020-03-18,3.18,1.41,5.44,2.43,4.13
SC,2020-03-19,3.0100000000000002,1.53,4.72,2.37,3.7
SC,2020-03-20,3.02,1.71,4.4,2.5500000000000003,3.67
SC,2020-03-21,2.66,1.56,3.86,2.24,3.19
SC,2020-03-22,2.5300000000000002,1.54,3.59,2.19,3.04
SC,2020-03-23,2.27,1.37,3.24,1.93,2.7
SC,2020-03-24,2.08,1.24,2.99,1.77,2.49
SC,2020-03-25,1.86,1.02,2.68,1.58,2.27
SC,2020-03-26,1.73,0.9400000000000001,2.5500000000000003,1.42,2.08
SC,2020-03-27,1.6,0.84,2.42,1.33,1.98
SC,2020-03-28,1.46,0.6900000000000001,2.24,1.19,1.83
SC,2020-03-29,1.42,0.66,2.2,1.1,1.73
SC,2020-03-30,1.3800000000000001,0.63,2.16,1.11,1.74
SC,2020-03-31,1.46,0.71,2.22,1.18,1.8
SC,2020-04-01,1.49,0.78,2.27,1.22,1.83
SC,2020-04-02,1.54,0.8200000000000001,2.27,1.29,1.8900000000000001
SC,2020-04-03,1.58,0.91,2.33,1.32,1.9000000000000001
SC,2020-04-04,1.61,0.9500000000000001,2.33,1.3800000000000001,1.95
SC,2020-04-05,2.05,1.42,2.74,1.8,2.34
SC,2020-04-06,2.0,1.4000000000000001,2.64,1.78,2.29
SC,2020-04-07,1.84,1.27,2.45,1.6500000000000001,2.14
SC,2020-04-08,1.73,1.17,2.31,1.53,2.0
SC,2020-04-09,1.54,1.01,2.13,1.34,1.8
SC,2020-04-10,1.36,0.8300000000000001,1.94,1.18,1.6400000000000001
SC,2020-04-11,1.1400000000000001,0.6,1.71,0.96,1.42
SC,2020-04-12,0.9500000000000001,0.41000000000000003,1.53,0.74,1.2
SC,2020-04-13,0.81,0.26,1.3900000000000001,0.6,1.07
SC,2020-04-14,0.44,0.02,0.97,0.27,0.71
SC,2020-04-15,0.5700000000000001,0.06,1.1300000000000001,0.37,0.85
SC,2020-04-16,0.6900000000000001,0.12,1.28,0.48,0.99
SC,2020-04-17,0.71,0.13,1.31,0.51,1.03
SC,2020-04-18,0.6900000000000001,0.12,1.3,0.48,1.0
SC,2020-04-19,0.8200000000000001,0.21,1.46,0.56,1.09
SC,2020-04-20,0.88,0.26,1.53,0.66,1.2
SC,2020-04-21,0.9,0.26,1.53,0.6900000000000001,1.23
SC,2020-04-22,1.12,0.49,1.78,0.88,1.41
SC,2020-04-23,1.48,0.88,2.13,1.24,1.75
SC,2020-04-24,2.61,2.06,3.21,2.39,2.86
SC,2020-04-25,2.62,2.13,3.15,2.44,2.86
SC,2020-04-26,2.81,2.35,3.2600000000000002,2.67,3.0500000000000003
SC,2020-04-27,2.05,1.6400000000000001,2.49,1.9000000000000001,2.25
SC,2020-04-28,1.77,1.37,2.2,1.61,1.95
SC,2020-04-29,1.45,1.04,1.86,1.31,1.6500000000000001
SC,2020-04-30,1.11,0.71,1.54,0.96,1.3
SC,2020-05-01,0.66,0.25,1.09,0.51,0.86
SP,2020-03-09,3.0,1.01,6.99,2.04,4.45
SP,2020-03-10,5.25,3.12,7.4,4.45,6.23
SP,2020-03-11,3.93,2.5500000000000003,5.37,3.45,4.62
SP,2020-03-12,3.8000000000000003,2.7,4.88,3.4,4.3
SP,2020-03-14,3.4,2.54,4.33,3.11,3.85
SP,2020-03-16,3.18,2.45,3.98,2.92,3.5500000000000003
SP,2020-03-17,2.1,1.41,2.8000000000000003,1.82,2.39
SP,2020-03-18,1.96,1.31,2.65,1.71,2.2600000000000002
SP,2020-03-19,1.71,1.09,2.4,1.49,2.0300000000000002
SP,2020-03-20,1.46,0.8300000000000001,2.12,1.23,1.76
SP,2020-03-21,2.31,1.71,2.96,2.12,2.64
SP,2020-03-22,2.75,2.2,3.34,2.56,3.0300000000000002
SP,2020-03-23,2.83,2.34,3.36,2.65,3.0700000000000003
SP,2020-03-24,1.76,1.3,2.2600000000000002,1.61,2.0100000000000002
SP,2020-03-25,1.37,0.89,1.85,1.22,1.62
SP,2020-03-26,2.25,1.79,2.73,2.1,2.49
SP,2020-03-27,2.64,2.22,3.08,2.5100000000000002,2.87
SP,2020-03-28,2.89,2.52,3.29,2.77,3.09
SP,2020-03-29,2.92,2.58,3.27,2.81,3.1
SP,2020-03-30,2.61,2.3000000000000003,2.93,2.5,2.7600000000000002
SP,2020-03-31,2.39,2.1,2.69,2.3000000000000003,2.5500000000000003
SP,2020-04-01,1.8800000000000001,1.62,2.19,1.8,2.04
SP,2020-04-02,1.6500000000000001,1.3900000000000001,1.95,1.55,1.78
SP,2020-04-03,1.33,1.07,1.62,1.25,1.48
SP,2020-04-04,1.09,0.8200000000000001,1.37,1.0,1.23
SP,2020-04-05,1.1,0.8300000000000001,1.3800000000000001,1.01,1.24
SP,2020-04-06,1.33,1.08,1.6300000000000001,1.25,1.48
SP,2020-04-07,1.28,1.01,1.54,1.19,1.41
SP,2020-04-08,1.19,0.9400000000000001,1.47,1.11,1.33
SP,2020-04-09,0.9500000000000001,0.6900000000000001,1.22,0.86,1.08
SP,2020-04-10,0.86,0.61,1.1500000000000001,0.76,0.98
SP,2020-04-11,1.24,0.97,1.5,1.1400000000000001,1.36
SP,2020-04-12,0.9500000000000001,0.6900000000000001,1.22,0.86,1.08
SP,2020-04-13,1.27,1.03,1.56,1.19,1.41
SP,2020-04-14,1.62,1.3800000000000001,1.8900000000000001,1.54,1.75
SP,2020-04-15,1.53,1.3,1.79,1.44,1.6400000000000001
SP,2020-04-16,1.44,1.21,1.69,1.37,1.57
SP,2020-04-17,1.29,1.06,1.53,1.22,1.42
SP,2020-04-18,1.03,0.8,1.27,0.96,1.16
SP,2020-04-19,0.8300000000000001,0.6,1.08,0.75,0.9500000000000001
SP,2020-04-20,0.6,0.36,0.85,0.5,0.7000000000000001
SP,2020-04-21,1.47,1.24,1.72,1.3900000000000001,1.59
SP,2020-04-22,1.32,1.1,1.57,1.22,1.41
SP,2020-04-23,1.49,1.27,1.73,1.41,1.6
SP,2020-04-24,2.05,1.84,2.27,1.98,2.16
SP,2020-04-25,2.06,1.87,2.27,2.0100000000000002,2.18
SP,2020-04-26,1.99,1.81,2.19,1.93,2.09
SP,2020-04-27,1.79,1.61,1.97,1.73,1.8800000000000001
SP,2020-04-28,1.59,1.42,1.77,1.54,1.69
SP,2020-04-29,1.45,1.29,1.6300000000000001,1.3900000000000001,1.53
SP,2020-04-30,1.21,1.05,1.3900000000000001,1.1500000000000001,1.29
SP,2020-05-01,1.42,1.26,1.59,1.37,1.51
